{
  "agent_collisions": 23,
  "obstacle_collisions": 0,
  "total_frames": 10000,
  "center_of_mass_x_avg": -0.35974539932892546,
  "center_of_mass_y_avg": -0.0017090260482476045,
  "velocity_avg": 0.1649780491256406,
  "velocity_max": 1.1265120368785675,
  "velocity_std": 0.2101134021991821,
  "force_mean": 0.08457597181231764,
  "force_std": 0.16752479042442733,
  "force_max": 4.001558416267679,
  "min_dist_mean": 0.7270732692752728,
  "min_dist_std": 0.5249249373982839,
  "min_dist_min": 0.09325498729525393,
  "ADE_ped_mean": 1.4515138715945888,
  "ADE_ped_std": 0.42818776849650114,
  "FDE_ped_mean": 4.323780064214237,
  "FDE_ped_std": 1.335940968624766,
  "capacity_Js": 0.691932211664137,
  "rho_crit": 1.4000000000000001,
  "rho_bins": [
    0.2,
    0.6000000000000001,
    1.0,
    1.4000000000000001,
    1.8,
    2.2,
    2.6000000000000005
  ],
  "Js_bins": [
    0.00688096693984586,
    0.31241957859004066,
    0.47199393930388783,
    0.691932211664137,
    NaN,
    NaN,
    NaN
  ],
  "v_bins": [
    0.022019094207506754,
    0.4998713257440651,
    0.5034602019241471,
    0.521221339034338,
    NaN,
    NaN,
    NaN
  ]
}