{
  "agent_collisions": 36,
  "obstacle_collisions": 0,
  "total_frames": 10000,
  "center_of_mass_x_avg": -0.3699547501039066,
  "center_of_mass_y_avg": 0.002908909546835801,
  "velocity_avg": 0.1896791098801891,
  "velocity_max": 1.0614351031460447,
  "velocity_std": 0.22213436585610563,
  "force_mean": 0.09641906863776685,
  "force_std": 0.1537013467186171,
  "force_max": 3.4601980878854732,
  "min_dist_mean": 0.7965956203428662,
  "min_dist_std": 0.6124885350933515,
  "min_dist_min": 0.02559796300042035,
  "ADE_ped_mean": 1.462728762357508,
  "ADE_ped_std": 0.44620202328917674,
  "FDE_ped_mean": 4.351755496593301,
  "FDE_ped_std": 1.2962459238641353,
  "capacity_Js": 1.0155200463230172,
  "rho_crit": 1.8,
  "rho_bins": [
    0.2,
    0.6000000000000001,
    1.0,
    1.4000000000000001,
    1.8,
    2.2,
    2.6000000000000005
  ],
  "Js_bins": [
    0.003558474030853816,
    0.32423406266080346,
    0.4972466366864161,
    0.7406574080299001,
    1.0155200463230172,
    NaN,
    NaN
  ],
  "v_bins": [
    0.011387116898732211,
    0.5187745002572856,
    0.5303964124655105,
    0.5362125909026555,
    0.5416106913722758,
    NaN,
    NaN
  ]
}