{
  "agent_collisions": 73,
  "obstacle_collisions": 0,
  "total_frames": 1359,
  "center_of_mass_x_avg": 0.22659491230060916,
  "center_of_mass_y_avg": -0.21719356545504367,
  "velocity_avg": 0.2840190445336974,
  "velocity_max": 0.8900951254353884,
  "velocity_std": 0.1476197909496719,
  "force_mean": 0.037293430302324675,
  "force_std": 0.04114555999895094,
  "force_max": 1.0810774063474762,
  "min_dist_mean": 0.47163467709919765,
  "min_dist_std": 0.13539569064894577,
  "min_dist_min": 0.10960207155461987,
  "ADE_ped_mean": 0.6741334719639234,
  "ADE_ped_std": 0.402218749416563,
  "FDE_ped_mean": 1.8563365570482706,
  "FDE_ped_std": 1.2944495697739788,
  "capacity_Js": 1.5367833294315982,
  "rho_crit": 3.8,
  "rho_bins": [
    0.2,
    0.6000000000000001,
    1.0,
    1.4000000000000001,
    1.8,
    2.2,
    2.6000000000000005,
    3.0,
    3.4000000000000004,
    3.8
  ],
  "Js_bins": [
    0.07065043579958462,
    0.3203507599272775,
    0.4528010213990043,
    0.7099523311032766,
    0.9787146173586201,
    0.9732131200412056,
    1.0889745446618921,
    1.2528240634667565,
    1.4048464805112268,
    1.5367833294315982
  ],
  "v_bins": [
    0.22608139455867082,
    0.512561215883644,
    0.48298775615893796,
    0.4930148998697514,
    0.5219811292579306,
    0.44489742630455115,
    0.43558981786475687,
    0.4249697331912211,
    0.40868261251235694,
    0.40980888784842623
  ]
}