{
  "agent_collisions": 15,
  "obstacle_collisions": 8,
  "total_frames": 1628,
  "center_of_mass_x_avg": -0.008201218110851153,
  "center_of_mass_y_avg": -0.052000534532337696,
  "velocity_avg": 0.3639459318002111,
  "velocity_max": 0.9789193879612604,
  "velocity_std": 0.1870207179104872,
  "force_mean": 0.05857289576389392,
  "force_std": 0.07658205562524287,
  "force_max": 2.8052712686595696,
  "min_dist_mean": 0.5526824364471842,
  "min_dist_std": 0.16756120700070684,
  "min_dist_min": 0.18403851273402666,
  "ADE_ped_mean": 1.0199129449406117,
  "ADE_ped_std": 0.4773960605735851,
  "FDE_ped_mean": 3.2949698010927246,
  "FDE_ped_std": 1.6064227464721337,
  "capacity_Js": 1.6986761688032157,
  "rho_crit": 3.0,
  "rho_bins": [
    0.2,
    0.6000000000000001,
    1.0,
    1.4000000000000001,
    1.8,
    2.2,
    2.6000000000000005,
    3.0
  ],
  "Js_bins": [
    0.10365308189119285,
    0.4118877716411389,
    0.6089299969987676,
    0.8527733051703268,
    1.0329718651767428,
    1.204507817237411,
    1.422117402179242,
    1.6986761688032157
  ],
  "v_bins": [
    0.3316898620518171,
    0.6590204346258222,
    0.6495253301320189,
    0.6068189242300068,
    0.5509183280942628,
    0.5506321450228165,
    0.5688469608716968,
    0.601738539966577
  ]
}