{
  "agent_collisions": 81,
  "obstacle_collisions": 0,
  "total_frames": 1578,
  "center_of_mass_x_avg": 0.23415392918452738,
  "center_of_mass_y_avg": -0.1022200275581134,
  "velocity_avg": 0.3267924474976629,
  "velocity_max": 1.0230683099137086,
  "velocity_std": 0.20808624957199304,
  "force_mean": 0.12481904439682422,
  "force_std": 0.17827010419744688,
  "force_max": 5.590380799704244,
  "min_dist_mean": 0.55921510577998,
  "min_dist_std": 0.2452556720571139,
  "min_dist_min": 0.02492547418717338,
  "ADE_ped_mean": 1.2684400908395193,
  "ADE_ped_std": 0.5436496777985457,
  "FDE_ped_mean": 3.3221705005518385,
  "FDE_ped_std": 1.5042484182067966,
  "capacity_Js": 1.7762067932469416,
  "rho_crit": 3.4000000000000004,
  "rho_bins": [
    0.2,
    0.6000000000000001,
    1.0,
    1.4000000000000001,
    1.8,
    2.2,
    2.6000000000000005,
    3.0,
    3.4000000000000004
  ],
  "Js_bins": [
    0.06331691157924098,
    0.31258099488637675,
    0.4705345467351942,
    0.6858051290832429,
    0.9436456152496636,
    1.1022293118274358,
    1.2758726190525316,
    1.5388715427489867,
    1.7762067932469416
  ],
  "v_bins": [
    0.20261411705357113,
    0.500129591818203,
    0.5019035165175403,
    0.5014577370387584,
    0.5032776614664871,
    0.5038762568353992,
    0.5103490476210126,
    0.5146319230193793,
    0.5167147034900195
  ]
}