{
  "agent_collisions": 146,
  "obstacle_collisions": 43,
  "total_frames": 2117,
  "center_of_mass_x_avg": -0.03877614606331111,
  "center_of_mass_y_avg": -0.1254370197368792,
  "velocity_avg": 0.22825907633331527,
  "velocity_max": 0.8808608761336413,
  "velocity_std": 0.14201975898308333,
  "force_mean": 0.03464062560012891,
  "force_std": 0.0366989796752456,
  "force_max": 0.9684046467791944,
  "min_dist_mean": 0.4599100850318889,
  "min_dist_std": 0.1588205083754716,
  "min_dist_min": 0.004830830724329176,
  "ADE_ped_mean": 0.9457543031245735,
  "ADE_ped_std": 0.5203864918146424,
  "FDE_ped_mean": 2.934441057619011,
  "FDE_ped_std": 1.6421700511058037,
  "capacity_Js": 1.2332365092040745,
  "rho_crit": 3.4000000000000004,
  "rho_bins": [
    0.2,
    0.6000000000000001,
    1.0,
    1.4000000000000001,
    1.8,
    2.2,
    2.6000000000000005,
    3.0,
    3.4000000000000004
  ],
  "Js_bins": [
    0.08559161725639133,
    0.31712876485673536,
    0.4437907786979587,
    0.6316157012062494,
    0.7666070063703014,
    0.8554063103545005,
    0.939451548352564,
    1.0255283644140452,
    1.2332365092040745
  ],
  "v_bins": [
    0.27389317522045226,
    0.5074060237707765,
    0.4733768306111559,
    0.44709993591425456,
    0.4088570700641607,
    0.39104288473348603,
    0.37578061934102547,
    0.36362056714124785,
    0.358759711768458
  ]
}