{
  "agent_collisions": 16,
  "obstacle_collisions": 6,
  "total_frames": 2097,
  "center_of_mass_x_avg": -0.02693622435681999,
  "center_of_mass_y_avg": -0.13647841512857106,
  "velocity_avg": 0.2458176583521995,
  "velocity_max": 1.15545919714108,
  "velocity_std": 0.1522099969840423,
  "force_mean": 0.035700286874334304,
  "force_std": 0.03643199673426926,
  "force_max": 0.8735582060692366,
  "min_dist_mean": 0.4777670255190913,
  "min_dist_std": 0.16268212213141287,
  "min_dist_min": 0.18688843381186004,
  "ADE_ped_mean": 0.950013459419114,
  "ADE_ped_std": 0.4905864307853025,
  "FDE_ped_mean": 2.8641266102458434,
  "FDE_ped_std": 1.573558652927264,
  "capacity_Js": 1.0827019364193813,
  "rho_crit": 3.0,
  "rho_bins": [
    0.2,
    0.6000000000000001,
    1.0,
    1.4000000000000001,
    1.8,
    2.2,
    2.6000000000000005,
    3.0
  ],
  "Js_bins": [
    0.10601405139571496,
    0.31918571289110836,
    0.472227059145477,
    0.6403386849129199,
    0.7816158997277546,
    0.8492071128546427,
    0.966542669155725,
    1.0827019364193813
  ],
  "v_bins": [
    0.3392449644662879,
    0.5106971406257734,
    0.5037088630885088,
    0.465063028052491,
    0.41686181318813575,
    0.388208965876408,
    0.38661706766229004,
    0.38496068850466897
  ]
}