{
  "agent_collisions": 30,
  "obstacle_collisions": 8,
  "total_frames": 2065,
  "center_of_mass_x_avg": -0.22349249479271627,
  "center_of_mass_y_avg": -0.03657606843958699,
  "velocity_avg": 0.30472216898399646,
  "velocity_max": 1.167946307521275,
  "velocity_std": 0.19716954709802262,
  "force_mean": 0.04990774346294665,
  "force_std": 0.06835636867220286,
  "force_max": 2.257444743378583,
  "min_dist_mean": 0.5458684219726976,
  "min_dist_std": 0.2186996541705136,
  "min_dist_min": 0.17599358865151538,
  "ADE_ped_mean": 1.0210078324835354,
  "ADE_ped_std": 0.3724945048757207,
  "FDE_ped_mean": 3.7717067240275757,
  "FDE_ped_std": 1.4382985392688732,
  "capacity_Js": 1.359537070389948,
  "rho_crit": 2.6000000000000005,
  "rho_bins": [
    0.2,
    0.6000000000000001,
    1.0,
    1.4000000000000001,
    1.8,
    2.2,
    2.6000000000000005
  ],
  "Js_bins": [
    0.1269822392515885,
    0.39222134413367443,
    0.5872242702428923,
    0.799406200404345,
    1.042730289135579,
    1.2124796544978678,
    1.359537070389948
  ],
  "v_bins": [
    0.40634316560508316,
    0.627554150613879,
    0.6263725549257517,
    0.5620209908139019,
    0.5561228208723087,
    0.5542764134847395,
    0.5438148281559793
  ]
}