{
  "agent_collisions": 135,
  "obstacle_collisions": 108,
  "total_frames": 2670,
  "center_of_mass_x_avg": -0.16149580757504725,
  "center_of_mass_y_avg": -0.1731628838387986,
  "velocity_avg": 0.21345387217353362,
  "velocity_max": 0.929540889823554,
  "velocity_std": 0.14651816717195235,
  "force_mean": 0.034634303382249834,
  "force_std": 0.03560898837636929,
  "force_max": 0.9842260751705729,
  "min_dist_mean": 0.4700152768683531,
  "min_dist_std": 0.16907223160169466,
  "min_dist_min": 0.11140731739994937,
  "ADE_ped_mean": 0.9199097812046024,
  "ADE_ped_std": 0.49776144440776066,
  "FDE_ped_mean": 2.8691705648306813,
  "FDE_ped_std": 1.6257067585363048,
  "capacity_Js": 0.9260029669022654,
  "rho_crit": 2.6000000000000005,
  "rho_bins": [
    0.2,
    0.6000000000000001,
    1.0,
    1.4000000000000001,
    1.8,
    2.2,
    2.6000000000000005
  ],
  "Js_bins": [
    0.09899068146018217,
    0.2824476116621891,
    0.42931962036915966,
    0.5980559924214776,
    0.71952727474201,
    0.8239174015860866,
    0.9260029669022654
  ],
  "v_bins": [
    0.3167701806725829,
    0.4519161786595026,
    0.4579409283937703,
    0.40925067294439355,
    0.38374787986240533,
    0.37664795501078246,
    0.3704011867609063
  ]
}