{
  "agent_collisions": 295,
  "obstacle_collisions": 95,
  "total_frames": 2020,
  "center_of_mass_x_avg": -0.13453697588383332,
  "center_of_mass_y_avg": -0.253951476645735,
  "velocity_avg": 0.2706067790241783,
  "velocity_max": 1.1025485116574907,
  "velocity_std": 0.1738256039183025,
  "force_mean": 0.04481627525936297,
  "force_std": 0.04895090693682352,
  "force_max": 1.1594857550737667,
  "min_dist_mean": 0.5281213731768317,
  "min_dist_std": 0.2362794028983099,
  "min_dist_min": 0.030367607746501525,
  "ADE_ped_mean": 0.984950162310886,
  "ADE_ped_std": 0.5268281226601741,
  "FDE_ped_mean": 2.7691822715524106,
  "FDE_ped_std": 1.7116634641540924,
  "capacity_Js": 1.1970859070332067,
  "rho_crit": 3.0,
  "rho_bins": [
    0.2,
    0.6000000000000001,
    1.0,
    1.4000000000000001,
    1.8,
    2.2,
    2.6000000000000005,
    3.0
  ],
  "Js_bins": [
    0.1240256202349925,
    0.3326295833134951,
    0.5532580163613823,
    0.7100192841582217,
    0.8697094815958455,
    1.0035260041410539,
    1.1819425453572268,
    1.1970859070332067
  ],
  "v_bins": [
    0.396881984751976,
    0.5322073333015924,
    0.590141884118808,
    0.4958162490432169,
    0.4638450568511176,
    0.4587547447501961,
    0.47277701814289075,
    0.42563054472291795
  ]
}