{
  "agent_collisions": 6,
  "obstacle_collisions": 139,
  "total_frames": 2572,
  "center_of_mass_x_avg": -0.3440548936118421,
  "center_of_mass_y_avg": -0.051742817207229605,
  "velocity_avg": 0.28164645861154564,
  "velocity_max": 0.9649636486426866,
  "velocity_std": 0.19948333292018708,
  "force_mean": 0.04844614171735948,
  "force_std": 0.0653495371445712,
  "force_max": 2.3599895067365617,
  "min_dist_mean": 0.5591099270603125,
  "min_dist_std": 0.2062995870282109,
  "min_dist_min": 0.17499479466545573,
  "ADE_ped_mean": 1.0252205359455262,
  "ADE_ped_std": 0.3875946872726929,
  "FDE_ped_mean": 3.8793918572866097,
  "FDE_ped_std": 1.6341870975518829,
  "capacity_Js": 1.168428012599098,
  "rho_crit": 2.2,
  "rho_bins": [
    0.2,
    0.6000000000000001,
    1.0,
    1.4000000000000001,
    1.8,
    2.2,
    2.6000000000000005
  ],
  "Js_bins": [
    0.1304702668223765,
    0.38464574927359324,
    0.5673515948219449,
    0.7907507966355912,
    1.0020310957308805,
    1.168428012599098,
    NaN
  ],
  "v_bins": [
    0.4175048538316048,
    0.6154331988377493,
    0.6051750344767411,
    0.5754925122596665,
    0.534416584389803,
    0.5341385200453019,
    NaN
  ]
}