{
  "agent_collisions": 22,
  "obstacle_collisions": 150,
  "total_frames": 2776,
  "center_of_mass_x_avg": -0.37697594241590765,
  "center_of_mass_y_avg": -0.0878649415511145,
  "velocity_avg": 0.25600267401153626,
  "velocity_max": 0.9904644902820571,
  "velocity_std": 0.1951346697438407,
  "force_mean": 0.04678612859756988,
  "force_std": 0.06320320026966497,
  "force_max": 1.9850465977750147,
  "min_dist_mean": 0.5707876561816301,
  "min_dist_std": 0.2250230318823296,
  "min_dist_min": 0.18770984337256483,
  "ADE_ped_mean": 1.0501505276339589,
  "ADE_ped_std": 0.3997573385847898,
  "FDE_ped_mean": 4.084230323135797,
  "FDE_ped_std": 1.5903951752315497,
  "capacity_Js": 1.0103816120056013,
  "rho_crit": 1.8,
  "rho_bins": [
    0.2,
    0.6000000000000001,
    1.0,
    1.4000000000000001,
    1.8,
    2.2,
    2.6000000000000005
  ],
  "Js_bins": [
    0.14616664120237552,
    0.3759736240469843,
    0.5510536840394632,
    0.7745821793608109,
    1.0103816120056013,
    NaN,
    NaN
  ],
  "v_bins": [
    0.4677332518476016,
    0.6015577984751749,
    0.5877905963087607,
    0.5552262842313138,
    0.538870193069654,
    NaN,
    NaN
  ]
}