{
  "agent_collisions": 68,
  "obstacle_collisions": 0,
  "total_frames": 10000,
  "center_of_mass_x_avg": -0.36566267561473176,
  "center_of_mass_y_avg": -0.0012326261618525063,
  "velocity_avg": 0.18776225081231704,
  "velocity_max": 0.9860932857038458,
  "velocity_std": 0.2172462231862671,
  "force_mean": 0.08744919329798849,
  "force_std": 0.16091991187327542,
  "force_max": 4.081441099187873,
  "min_dist_mean": 0.7916499261038902,
  "min_dist_std": 0.6131346447209093,
  "min_dist_min": 0.0599457270062443,
  "ADE_ped_mean": 1.508152330769028,
  "ADE_ped_std": 0.4598739335912347,
  "FDE_ped_mean": 4.512370946236064,
  "FDE_ped_std": 1.2398504154831613,
  "capacity_Js": 1.1504321005461933,
  "rho_crit": 2.2,
  "rho_bins": [
    0.2,
    0.6000000000000001,
    1.0,
    1.4000000000000001,
    1.8,
    2.2,
    2.6000000000000005
  ],
  "Js_bins": [
    0.002943040199819832,
    0.31172872441849186,
    0.47350596710800374,
    0.7298996881565393,
    0.9763952223820169,
    1.1504321005461933,
    NaN
  ],
  "v_bins": [
    0.009417728639423462,
    0.498765959069587,
    0.5050730315818707,
    0.5200419608183768,
    0.5207441186037424,
    0.5259118173925456,
    NaN
  ]
}