{
  "agent_collisions": 7,
  "obstacle_collisions": 0,
  "total_frames": 1416,
  "center_of_mass_x_avg": 0.1523306334215617,
  "center_of_mass_y_avg": -0.026735560944269196,
  "velocity_avg": 0.2816322836248827,
  "velocity_max": 1.0140516795509917,
  "velocity_std": 0.1632526685692159,
  "force_mean": 0.07925546352014223,
  "force_std": 0.04272134075708332,
  "force_max": 0.2782957430614416,
  "min_dist_mean": 0.4710219794994626,
  "min_dist_std": 0.11750526839916745,
  "min_dist_min": 0.17671492743288536,
  "ADE_ped_mean": 0.0,
  "ADE_ped_std": 0.0,
  "FDE_ped_mean": 0.0,
  "FDE_ped_std": 0.0,
  "capacity_Js": 1.4600848413252254,
  "rho_crit": 3.4000000000000004,
  "rho_bins": [
    0.2,
    0.6000000000000001,
    1.0,
    1.4000000000000001,
    1.8,
    2.2,
    2.6000000000000005,
    3.0,
    3.4000000000000004
  ],
  "Js_bins": [
    0.019236989069577798,
    0.3630514970204951,
    0.413140876537911,
    0.7978640645256219,
    1.0406771480634442,
    0.9743536936855938,
    1.1271643901136965,
    1.3014146933895863,
    1.4600848413252254
  ],
  "v_bins": [
    0.061558365022648956,
    0.5808823952327923,
    0.4406836016404384,
    0.5379714460531142,
    0.5550278123005035,
    0.44541883139912847,
    0.4508657560454787,
    0.4580852880968443,
    0.4247519538400656
  ]
}