{
  "agent_collisions": 12,
  "obstacle_collisions": 0,
  "total_frames": 10000,
  "center_of_mass_x_avg": -0.35933124922383525,
  "center_of_mass_y_avg": -0.0008096004830685832,
  "velocity_avg": 0.17950029860712932,
  "velocity_max": 1.108782918636298,
  "velocity_std": 0.21527644680894306,
  "force_mean": 0.08425408198461631,
  "force_std": 0.15414722864005936,
  "force_max": 3.0369993151467165,
  "min_dist_mean": 0.7659172678745683,
  "min_dist_std": 0.565137569762128,
  "min_dist_min": 0.13266568812280508,
  "ADE_ped_mean": 1.4698577898221301,
  "ADE_ped_std": 0.43145440842150423,
  "FDE_ped_mean": 4.321006625886197,
  "FDE_ped_std": 1.293691283733684,
  "capacity_Js": 0.9972887941551158,
  "rho_crit": 1.8,
  "rho_bins": [
    0.2,
    0.6000000000000001,
    1.0,
    1.4000000000000001,
    1.8,
    2.2,
    2.6000000000000005
  ],
  "Js_bins": [
    0.0040094333881976205,
    0.31280369670619423,
    0.4734595304209788,
    0.7161602803074455,
    0.9972887941551158,
    NaN,
    NaN
  ],
  "v_bins": [
    0.012830186842232385,
    0.5004859147299109,
    0.5050234991157108,
    0.5222337079990407,
    0.5318873568827285,
    NaN,
    NaN
  ]
}