{
  "agent_collisions": 0,
  "obstacle_collisions": 0,
  "total_frames": 1762,
  "center_of_mass_x_avg": -0.08380134529580012,
  "center_of_mass_y_avg": -0.043917339127988904,
  "velocity_avg": 0.3378606919716397,
  "velocity_max": 0.9018544575946217,
  "velocity_std": 0.18642634519171972,
  "force_mean": 0.05410149761650205,
  "force_std": 0.07252728497943453,
  "force_max": 2.4806762683825165,
  "min_dist_mean": 0.5447465280336108,
  "min_dist_std": 0.16571625525195668,
  "min_dist_min": 0.2098144823386624,
  "ADE_ped_mean": 1.0584475643252356,
  "ADE_ped_std": 0.41483784537715673,
  "FDE_ped_mean": 3.509005611419849,
  "FDE_ped_std": 1.4716619268872104,
  "capacity_Js": 1.6328955603958668,
  "rho_crit": 3.0,
  "rho_bins": [
    0.2,
    0.6000000000000001,
    1.0,
    1.4000000000000001,
    1.8,
    2.2,
    2.6000000000000005,
    3.0
  ],
  "Js_bins": [
    0.1172785067395591,
    0.39206526043216655,
    0.5535869923020714,
    0.8304722229006146,
    1.05315503788432,
    1.13214302271535,
    1.3304749462802006,
    1.6328955603958668
  ],
  "v_bins": [
    0.3752912215665892,
    0.6273044166914664,
    0.5904927917888764,
    0.5938638854902512,
    0.5616826868716372,
    0.5175510960984459,
    0.5321899785120802,
    0.5760937961476126
  ]
}