{
  "agent_collisions": 0,
  "obstacle_collisions": 0,
  "total_frames": 949,
  "center_of_mass_x_avg": 0.30270051722842917,
  "center_of_mass_y_avg": 0.031207486095210724,
  "velocity_avg": 0.45978459834757646,
  "velocity_max": 0.8376685749169273,
  "velocity_std": 0.15088215037536368,
  "force_mean": 0.0670904062017576,
  "force_std": 0.0751021912261738,
  "force_max": 2.1320271302566054,
  "min_dist_mean": 0.527793117165646,
  "min_dist_std": 0.1237382471983152,
  "min_dist_min": 0.24610601179959526,
  "ADE_ped_mean": 0.7769493386878239,
  "ADE_ped_std": 0.41512185261006557,
  "FDE_ped_mean": 2.2044640990747597,
  "FDE_ped_std": 1.2692797974502754,
  "capacity_Js": 1.8460234235802973,
  "rho_crit": 3.0,
  "rho_bins": [
    0.2,
    0.6000000000000001,
    1.0,
    1.4000000000000001,
    1.8,
    2.2,
    2.6000000000000005,
    3.0
  ],
  "Js_bins": [
    0.061866312372871234,
    0.3701757882321832,
    0.5622598137057706,
    0.882936813962766,
    1.1644952124043253,
    1.3950259552330035,
    1.5871507373929759,
    1.8460234235802973
  ],
  "v_bins": [
    0.1979721995931879,
    0.592281261171493,
    0.5997438012861553,
    0.6085598570071628,
    0.6210641132823068,
    0.6377261509636587,
    0.6348602949571903,
    0.6386674702983407
  ]
}