{
  "agent_collisions": 28,
  "obstacle_collisions": 0,
  "total_frames": 1406,
  "center_of_mass_x_avg": 0.26905771596798567,
  "center_of_mass_y_avg": 0.01948218119948173,
  "velocity_avg": 0.3456314870649832,
  "velocity_max": 0.8146698430373356,
  "velocity_std": 0.200526095899372,
  "force_mean": 0.12143785694271775,
  "force_std": 0.15795268393683848,
  "force_max": 3.7671677334571103,
  "min_dist_mean": 0.5602385370681113,
  "min_dist_std": 0.2205988215622859,
  "min_dist_min": 0.08078567982820375,
  "ADE_ped_mean": 1.1211776935278421,
  "ADE_ped_std": 0.5130671463512123,
  "FDE_ped_mean": 2.896701955586266,
  "FDE_ped_std": 1.4635563706598362,
  "capacity_Js": 2.069029764190564,
  "rho_crit": 4.2,
  "rho_bins": [
    0.2,
    0.6000000000000001,
    1.0,
    1.4000000000000001,
    1.8,
    2.2,
    2.6000000000000005,
    3.0,
    3.4000000000000004,
    3.8,
    4.2
  ],
  "Js_bins": [
    0.03890021318754648,
    0.31608862472898225,
    0.4604018245845629,
    0.7230552506442277,
    0.94625743795977,
    1.103398779241541,
    1.267152091445254,
    1.5195197754300747,
    1.7599829486729257,
    1.9577982763984945,
    2.069029764190564
  ],
  "v_bins": [
    0.12448068220014874,
    0.5057417995663716,
    0.4910952795568671,
    0.4918500778982219,
    0.504670633578544,
    0.5044108705104188,
    0.5068608365781017,
    0.5094026024279014,
    0.511995039613942,
    0.5220795403729319,
    0.5092996342622927
  ]
}