{
  "agent_collisions": 78,
  "obstacle_collisions": 0,
  "total_frames": 1480,
  "center_of_mass_x_avg": 0.37656817176021984,
  "center_of_mass_y_avg": -0.072761433027016,
  "velocity_avg": 0.2588257232866927,
  "velocity_max": 0.97305444843161,
  "velocity_std": 0.14061523284314575,
  "force_mean": 0.07925120051078771,
  "force_std": 0.04369170878444888,
  "force_max": 0.48766605172488264,
  "min_dist_mean": 0.46913018008310375,
  "min_dist_std": 0.11428031176606712,
  "min_dist_min": 0.12588759600929683,
  "ADE_ped_mean": 0.0,
  "ADE_ped_std": 0.0,
  "FDE_ped_mean": 0.0,
  "FDE_ped_std": 0.0,
  "capacity_Js": 1.3878612808278012,
  "rho_crit": 4.2,
  "rho_bins": [
    0.2,
    0.6000000000000001,
    1.0,
    1.4000000000000001,
    1.8,
    2.2,
    2.6000000000000005,
    3.0,
    3.4000000000000004,
    3.8,
    4.2
  ],
  "Js_bins": [
    0.020987488710570518,
    0.23920094787675344,
    0.3075305969677228,
    0.6061521843734171,
    0.9395484466011504,
    0.9119908077265777,
    0.972704962582625,
    1.0901209508189358,
    1.1543340231601047,
    1.2673500048479758,
    1.3878612808278012
  ],
  "v_bins": [
    0.06715996387382567,
    0.38272151660280557,
    0.32803263676557104,
    0.42205056619258485,
    0.501092504853947,
    0.41691008353214987,
    0.38908198503304997,
    0.370994859592177,
    0.3358062612829396,
    0.3379600012927936,
    0.34162739220376653
  ]
}