{
  "agent_collisions": 14,
  "obstacle_collisions": 0,
  "total_frames": 2165,
  "center_of_mass_x_avg": -0.16501831199904166,
  "center_of_mass_y_avg": -0.007006053359270067,
  "velocity_avg": 0.2101664636927525,
  "velocity_max": 1.2713132799469706,
  "velocity_std": 0.15352223423875708,
  "force_mean": 0.07771758499527473,
  "force_std": 0.044156503864167015,
  "force_max": 0.34116219013590093,
  "min_dist_mean": 0.445648092301609,
  "min_dist_std": 0.12555772162897388,
  "min_dist_min": 0.18842282461793214,
  "ADE_ped_mean": 0.0,
  "ADE_ped_std": 0.0,
  "FDE_ped_mean": 0.0,
  "FDE_ped_std": 0.0,
  "capacity_Js": 0.9198191365131633,
  "rho_crit": 2.6000000000000005,
  "rho_bins": [
    0.2,
    0.6000000000000001,
    1.0,
    1.4000000000000001,
    1.8,
    2.2,
    2.6000000000000005
  ],
  "Js_bins": [
    0.08276026422260994,
    0.3811733961700829,
    0.44750246907274566,
    0.6375980513895168,
    0.7767583862346283,
    0.8318137578442153,
    0.9198191365131633
  ],
  "v_bins": [
    0.2648328455123518,
    0.6098774338721328,
    0.4773359670109286,
    0.4366776135656665,
    0.4142711393251351,
    0.3802577178716412,
    0.36792765460526533
  ]
}