{
  "agent_collisions": 49,
  "obstacle_collisions": 0,
  "total_frames": 1330,
  "center_of_mass_x_avg": 0.1904450209855604,
  "center_of_mass_y_avg": -0.21328403894909925,
  "velocity_avg": 0.40990537879900535,
  "velocity_max": 0.9340629464705206,
  "velocity_std": 0.17429778409957578,
  "force_mean": 0.06412253968579466,
  "force_std": 0.07899514396825327,
  "force_max": 2.3759569413592168,
  "min_dist_mean": 0.5617719967752904,
  "min_dist_std": 0.1966318610533095,
  "min_dist_min": 0.17721714904640454,
  "ADE_ped_mean": 1.0375188498749388,
  "ADE_ped_std": 0.501581102089906,
  "FDE_ped_mean": 3.0726932894173262,
  "FDE_ped_std": 1.5668307568469204,
  "capacity_Js": 2.05318335458457,
  "rho_crit": 3.4000000000000004,
  "rho_bins": [
    0.2,
    0.6000000000000001,
    1.0,
    1.4000000000000001,
    1.8,
    2.2,
    2.6000000000000005,
    3.0,
    3.4000000000000004
  ],
  "Js_bins": [
    0.10481843910056925,
    0.3809153808281864,
    0.5943040118469392,
    0.8356279892931857,
    1.097521719844764,
    1.3003512894904983,
    1.4220464740306422,
    1.7061592234045209,
    2.05318335458457
  ],
  "v_bins": [
    0.3354190051218216,
    0.609464609325098,
    0.6339242793034018,
    0.5999692126499871,
    0.5853449172505407,
    0.5944463037670848,
    0.568818589612257,
    0.588275564968566,
    0.5972897031518749
  ]
}