{
  "agent_collisions": 27,
  "obstacle_collisions": 0,
  "total_frames": 1601,
  "center_of_mass_x_avg": 0.2702139863850972,
  "center_of_mass_y_avg": 0.007238305733297323,
  "velocity_avg": 0.3966048541281161,
  "velocity_max": 0.8967260975031062,
  "velocity_std": 0.17276762544968777,
  "force_mean": 0.17348003432559295,
  "force_std": 0.23785958913900623,
  "force_max": 3.0230507784106244,
  "min_dist_mean": 0.5603911780926596,
  "min_dist_std": 0.16124842045241583,
  "min_dist_min": 0.07319852640389768,
  "ADE_ped_mean": 1.415409067879616,
  "ADE_ped_std": 0.5823010002229517,
  "FDE_ped_mean": 3.7777765478521217,
  "FDE_ped_std": 1.5079751464854187,
  "capacity_Js": 1.9772989103040421,
  "rho_crit": 3.8,
  "rho_bins": [
    0.2,
    0.6000000000000001,
    1.0,
    1.4000000000000001,
    1.8,
    2.2,
    2.6000000000000005,
    3.0,
    3.4000000000000004,
    3.8
  ],
  "Js_bins": [
    0.04818142981209639,
    0.30829926434061644,
    0.46938714183917474,
    0.6809447231293668,
    0.9666962369143648,
    1.1172251269106237,
    1.289550088829876,
    1.553931972700595,
    1.814655831755939,
    1.9772989103040421
  ],
  "v_bins": [
    0.15418057539870844,
    0.4932788229449863,
    0.5006796179617864,
    0.5025679716554401,
    0.515571326354328,
    0.5107314865877138,
    0.5158200355319504,
    0.5226648955445587,
    0.5278998783290004,
    0.5272797094144113
  ]
}