{
  "agent_collisions": 13,
  "obstacle_collisions": 0,
  "total_frames": 1297,
  "center_of_mass_x_avg": 0.1358947399271815,
  "center_of_mass_y_avg": -0.08758660589895281,
  "velocity_avg": 0.4004440285260249,
  "velocity_max": 0.927351180823003,
  "velocity_std": 0.17703548250978549,
  "force_mean": 0.06152155390216148,
  "force_std": 0.07470414685200003,
  "force_max": 2.0650914643763185,
  "min_dist_mean": 0.5434379754394316,
  "min_dist_std": 0.14432113805636373,
  "min_dist_min": 0.17740142172438253,
  "ADE_ped_mean": 0.9615507505739661,
  "ADE_ped_std": 0.4732064647147651,
  "FDE_ped_mean": 2.8717492058185945,
  "FDE_ped_std": 1.505908425666535,
  "capacity_Js": 2.000409701588838,
  "rho_crit": 3.4000000000000004,
  "rho_bins": [
    0.2,
    0.6000000000000001,
    1.0,
    1.4000000000000001,
    1.8,
    2.2,
    2.6000000000000005,
    3.0,
    3.4000000000000004
  ],
  "Js_bins": [
    0.05588220187369782,
    0.39351470747626605,
    0.5912224880446175,
    0.8829828955714486,
    1.1070010936402734,
    1.2694494573840964,
    1.4257710170073332,
    1.6791868949028699,
    2.000409701588838
  ],
  "v_bins": [
    0.178823045995833,
    0.6296235319620256,
    0.6306373205809254,
    0.6282354473248613,
    0.5904005832748125,
    0.5803197519470156,
    0.5703084068029333,
    0.580757593666258,
    0.5819373677349348
  ]
}