{
  "agent_collisions": 30,
  "obstacle_collisions": 0,
  "total_frames": 1076,
  "center_of_mass_x_avg": 0.49964985037131193,
  "center_of_mass_y_avg": 0.05982807556279319,
  "velocity_avg": 0.331967222530041,
  "velocity_max": 0.8503917499999174,
  "velocity_std": 0.13326641550124999,
  "force_mean": 0.07771264520179891,
  "force_std": 0.044599610910376765,
  "force_max": 0.3603874515862538,
  "min_dist_mean": 0.4704583212521323,
  "min_dist_std": 0.10711353674683309,
  "min_dist_min": 0.12950573440610644,
  "ADE_ped_mean": 0.0,
  "ADE_ped_std": 0.0,
  "FDE_ped_mean": 0.0,
  "FDE_ped_std": 0.0,
  "capacity_Js": 1.6967559612465215,
  "rho_crit": 3.4000000000000004,
  "rho_bins": [
    0.2,
    0.6000000000000001,
    1.0,
    1.4000000000000001,
    1.8,
    2.2,
    2.6000000000000005,
    3.0,
    3.4000000000000004
  ],
  "Js_bins": [
    0.036328764439369936,
    0.3467899571696485,
    0.398145682307733,
    0.6041928957255136,
    0.7135758546587092,
    0.9721632756977895,
    1.1194549346996057,
    1.2982531997017588,
    1.6967559612465215
  ],
  "v_bins": [
    0.11625204620598382,
    0.5548639314714376,
    0.4246887277949152,
    0.43884467509269554,
    0.3805737891513116,
    0.4444174974618465,
    0.4477819738798422,
    0.4476861894231394,
    0.49360173418080616
  ]
}