{
  "agent_collisions": 60,
  "obstacle_collisions": 0,
  "total_frames": 1743,
  "center_of_mass_x_avg": 0.1390465946603831,
  "center_of_mass_y_avg": -0.020247396911387033,
  "velocity_avg": 0.3086222844047626,
  "velocity_max": 0.8457342663591574,
  "velocity_std": 0.2132258686032151,
  "force_mean": 0.11600268818799515,
  "force_std": 0.1536036404260859,
  "force_max": 3.5163734281988743,
  "min_dist_mean": 0.5530114477810639,
  "min_dist_std": 0.23903706486938242,
  "min_dist_min": 0.027973696085327807,
  "ADE_ped_mean": 1.2360200248460276,
  "ADE_ped_std": 0.48382194225805797,
  "FDE_ped_mean": 3.322214823083677,
  "FDE_ped_std": 1.402397231533623,
  "capacity_Js": 1.4752400019981162,
  "rho_crit": 3.0,
  "rho_bins": [
    0.2,
    0.6000000000000001,
    1.0,
    1.4000000000000001,
    1.8,
    2.2,
    2.6000000000000005,
    3.0
  ],
  "Js_bins": [
    0.05185961805827522,
    0.30651695131963064,
    0.4877403354630075,
    0.739390554611663,
    0.9421413918719228,
    1.1168618482216515,
    1.2749820810531918,
    1.4752400019981162
  ],
  "v_bins": [
    0.16595077778648074,
    0.49042712211140893,
    0.520256357827208,
    0.5030860970571591,
    0.502475408998359,
    0.5105654163298978,
    0.5099928324212766,
    0.5156892227421425
  ]
}