{
  "agent_collisions": 0,
  "obstacle_collisions": 10,
  "total_frames": 2035,
  "center_of_mass_x_avg": -0.19846663038524964,
  "center_of_mass_y_avg": -0.03544333103820596,
  "velocity_avg": 0.29179642136917133,
  "velocity_max": 0.9523100168541022,
  "velocity_std": 0.1880114727057373,
  "force_mean": 0.04774197200340025,
  "force_std": 0.06432618397013014,
  "force_max": 1.9607957542672856,
  "min_dist_mean": 0.5335106421308851,
  "min_dist_std": 0.18329674322777353,
  "min_dist_min": 0.20424766420337842,
  "ADE_ped_mean": 1.0529938163355812,
  "ADE_ped_std": 0.4444367470410509,
  "FDE_ped_mean": 3.7752339395100907,
  "FDE_ped_std": 1.6744788509628574,
  "capacity_Js": 1.5236365921250745,
  "rho_crit": 3.0,
  "rho_bins": [
    0.2,
    0.6000000000000001,
    1.0,
    1.4000000000000001,
    1.8,
    2.2,
    2.6000000000000005,
    3.0
  ],
  "Js_bins": [
    0.12076189316278269,
    0.40273027945281537,
    0.5683944980945757,
    0.7566414572032045,
    0.9934678937262369,
    1.1534231256912735,
    1.2752197266974616,
    1.5236365921250745
  ],
  "v_bins": [
    0.3864380581209046,
    0.6443684471245046,
    0.606287464634214,
    0.549994782897355,
    0.5298495433206596,
    0.5272791431731536,
    0.5100878906789847,
    0.5417374549778042
  ]
}