{
  "agent_collisions": 32,
  "obstacle_collisions": 0,
  "total_frames": 1781,
  "center_of_mass_x_avg": -0.1911660129644539,
  "center_of_mass_y_avg": -0.0318776196876572,
  "velocity_avg": 0.2528395200310463,
  "velocity_max": 1.1318029828978287,
  "velocity_std": 0.19453296601231776,
  "force_mean": 0.08282281734199076,
  "force_std": 0.04717741937814347,
  "force_max": 0.2885202314473386,
  "min_dist_mean": 0.49238032759170813,
  "min_dist_std": 0.17889243606866118,
  "min_dist_min": 0.11968264464407538,
  "ADE_ped_mean": 0.0,
  "ADE_ped_std": 0.0,
  "FDE_ped_mean": 0.0,
  "FDE_ped_std": 0.0,
  "capacity_Js": 1.3147917327838226,
  "rho_crit": 2.2,
  "rho_bins": [
    0.2,
    0.6000000000000001,
    1.0,
    1.4000000000000001,
    1.8,
    2.2,
    2.6000000000000005
  ],
  "Js_bins": [
    0.052792839046838576,
    0.3695585077408196,
    0.5457152557422204,
    0.7510180912476355,
    1.05532783717792,
    1.3147917327838226,
    NaN
  ],
  "v_bins": [
    0.16893708494988344,
    0.5912936123853113,
    0.5820962727917016,
    0.5562906224151111,
    0.5628415131615574,
    0.6010476492726046,
    NaN
  ]
}