{
  "agent_collisions": 73,
  "obstacle_collisions": 0,
  "total_frames": 10000,
  "center_of_mass_x_avg": -0.36235359792665023,
  "center_of_mass_y_avg": -0.01179650608383517,
  "velocity_avg": 0.1465165902049609,
  "velocity_max": 1.2074832728504599,
  "velocity_std": 0.20074092125454068,
  "force_mean": 0.0823230355883642,
  "force_std": 0.16962015856893256,
  "force_max": 3.6177817820601543,
  "min_dist_mean": 0.7003383996949762,
  "min_dist_std": 0.4873139372622802,
  "min_dist_min": 0.011901059965202675,
  "ADE_ped_mean": 1.4191678810452892,
  "ADE_ped_std": 0.48723533759299786,
  "FDE_ped_mean": 4.412124143336894,
  "FDE_ped_std": 1.4595939538998637,
  "capacity_Js": 0.6464920007571762,
  "rho_crit": 1.4000000000000001,
  "rho_bins": [
    0.2,
    0.6000000000000001,
    1.0,
    1.4000000000000001,
    1.8,
    2.2,
    2.6000000000000005
  ],
  "Js_bins": [
    0.010265798673236697,
    0.31202448940410465,
    0.4690387671795275,
    0.6464920007571762,
    NaN,
    NaN,
    NaN
  ],
  "v_bins": [
    0.03285055575435743,
    0.4992391830465673,
    0.5003080183248294,
    0.5083436250185334,
    NaN,
    NaN,
    NaN
  ]
}