{
  "agent_collisions": 64,
  "obstacle_collisions": 9,
  "total_frames": 2092,
  "center_of_mass_x_avg": -0.3218188803551917,
  "center_of_mass_y_avg": 0.014477410087247126,
  "velocity_avg": 0.20110038565707095,
  "velocity_max": 0.9440310744250524,
  "velocity_std": 0.15949307273791502,
  "force_mean": 0.07703463583402918,
  "force_std": 0.04346401296538118,
  "force_max": 0.34477515370186684,
  "min_dist_mean": 0.4380040314525902,
  "min_dist_std": 0.11937765653148166,
  "min_dist_min": 0.14242347711666087,
  "ADE_ped_mean": 0.0,
  "ADE_ped_std": 0.0,
  "FDE_ped_mean": 0.0,
  "FDE_ped_std": 0.0,
  "capacity_Js": 1.0509374214913207,
  "rho_crit": 2.2,
  "rho_bins": [
    0.2,
    0.6000000000000001,
    1.0,
    1.4000000000000001,
    1.8,
    2.2,
    2.6000000000000005
  ],
  "Js_bins": [
    0.0014095521133772253,
    0.37051678868105403,
    0.4871806709136798,
    0.662344144977574,
    0.8769516889435206,
    1.0509374214913207,
    NaN
  ],
  "v_bins": [
    0.004510566762807121,
    0.5928268618896864,
    0.5196593823079251,
    0.4612923144430414,
    0.4677075674365443,
    0.4804285355388895,
    NaN
  ]
}