{
  "agent_collisions": 60,
  "obstacle_collisions": 61,
  "total_frames": 1774,
  "center_of_mass_x_avg": 0.031860377296689384,
  "center_of_mass_y_avg": -0.1330890151974046,
  "velocity_avg": 0.26879266063402235,
  "velocity_max": 0.8164198032546016,
  "velocity_std": 0.14533977553268337,
  "force_mean": 0.03623215465510572,
  "force_std": 0.03601204069728408,
  "force_max": 0.7135642486984556,
  "min_dist_mean": 0.4706961014443539,
  "min_dist_std": 0.13625337104068647,
  "min_dist_min": 0.18133601289973753,
  "ADE_ped_mean": 0.8348784669185944,
  "ADE_ped_std": 0.45207331624111263,
  "FDE_ped_mean": 2.359619385376394,
  "FDE_ped_std": 1.4655667553941474,
  "capacity_Js": 1.360516125580136,
  "rho_crit": 3.4000000000000004,
  "rho_bins": [
    0.2,
    0.6000000000000001,
    1.0,
    1.4000000000000001,
    1.8,
    2.2,
    2.6000000000000005,
    3.0,
    3.4000000000000004
  ],
  "Js_bins": [
    0.03979056683174124,
    0.3197516581531437,
    0.46330079293809,
    0.706792396005849,
    0.8343114731982009,
    0.9145253903038117,
    1.0195484954347231,
    1.1645074117240068,
    1.360516125580136
  ],
  "v_bins": [
    0.12732981386157197,
    0.5116026530450299,
    0.4941875124672962,
    0.4872339153641907,
    0.4449661190390405,
    0.4180687498531711,
    0.4078193981738893,
    0.40820132998007147,
    0.3957865092596759
  ]
}