{
  "agent_collisions": 15,
  "obstacle_collisions": 0,
  "total_frames": 2416,
  "center_of_mass_x_avg": -0.2976156593656366,
  "center_of_mass_y_avg": -0.021936133317752765,
  "velocity_avg": 0.2984634649061507,
  "velocity_max": 0.9781372339488343,
  "velocity_std": 0.2006893859611361,
  "force_mean": 0.05032381791650877,
  "force_std": 0.07069247365677665,
  "force_max": 2.3363031663690212,
  "min_dist_mean": 0.5668471520941816,
  "min_dist_std": 0.21532849629493162,
  "min_dist_min": 0.16456153567625245,
  "ADE_ped_mean": 1.0101367273196455,
  "ADE_ped_std": 0.36535827983753333,
  "FDE_ped_mean": 3.8143817394333106,
  "FDE_ped_std": 1.4906364382005124,
  "capacity_Js": 1.1488397564364667,
  "rho_crit": 2.2,
  "rho_bins": [
    0.2,
    0.6000000000000001,
    1.0,
    1.4000000000000001,
    1.8,
    2.2,
    2.6000000000000005
  ],
  "Js_bins": [
    0.12960297135782498,
    0.3971253523799088,
    0.5735907616620698,
    0.8056066745669221,
    1.0293727063059268,
    1.1488397564364667,
    NaN
  ],
  "v_bins": [
    0.41472950834503997,
    0.6354005638078543,
    0.6118301457728745,
    0.5835764905435332,
    0.5489987766964942,
    0.5251838886566705,
    NaN
  ]
}