{
  "agent_collisions": 28,
  "obstacle_collisions": 11,
  "total_frames": 1784,
  "center_of_mass_x_avg": 0.12323726627350481,
  "center_of_mass_y_avg": -0.03302397573810716,
  "velocity_avg": 0.24288022214928592,
  "velocity_max": 1.0266450930759892,
  "velocity_std": 0.15097676339998223,
  "force_mean": 0.08134031023591695,
  "force_std": 0.04401473579605623,
  "force_max": 0.27514375713849476,
  "min_dist_mean": 0.46379382682284054,
  "min_dist_std": 0.12362684336687275,
  "min_dist_min": 0.16005041071178588,
  "ADE_ped_mean": 0.0,
  "ADE_ped_std": 0.0,
  "FDE_ped_mean": 0.0,
  "FDE_ped_std": 0.0,
  "capacity_Js": 0.9847630412215098,
  "rho_crit": 3.0,
  "rho_bins": [
    0.2,
    0.6000000000000001,
    1.0,
    1.4000000000000001,
    1.8,
    2.2,
    2.6000000000000005,
    3.0
  ],
  "Js_bins": [
    0.012182626098775882,
    0.292633011763048,
    0.6171399456032568,
    0.6582007363160264,
    0.7646257739503737,
    0.8934095523428686,
    0.9698081169416992,
    0.9847630412215098
  ],
  "v_bins": [
    0.03898440351608282,
    0.4682128188208768,
    0.658282608643474,
    0.44404186884802166,
    0.4078004127735326,
    0.40841579535674,
    0.3879232467766798,
    0.3501379702120924
  ]
}