{
  "agent_collisions": 51,
  "obstacle_collisions": 0,
  "total_frames": 2236,
  "center_of_mass_x_avg": 0.000640327463127325,
  "center_of_mass_y_avg": 0.021841479755777625,
  "velocity_avg": 0.24036362610977777,
  "velocity_max": 1.1754986266053309,
  "velocity_std": 0.22496560656155196,
  "force_mean": 0.11530744743807338,
  "force_std": 0.17347550574068688,
  "force_max": 4.101006863055649,
  "min_dist_mean": 0.5420112882326368,
  "min_dist_std": 0.2183056452423157,
  "min_dist_min": 0.015278041341669423,
  "ADE_ped_mean": 1.304070961139146,
  "ADE_ped_std": 0.4650270470148391,
  "FDE_ped_mean": 3.7877987914601494,
  "FDE_ped_std": 1.5435313016291505,
  "capacity_Js": 1.305305228076279,
  "rho_crit": 2.6000000000000005,
  "rho_bins": [
    0.2,
    0.6000000000000001,
    1.0,
    1.4000000000000001,
    1.8,
    2.2,
    2.6000000000000005
  ],
  "Js_bins": [
    0.08063556934075418,
    0.314025444814698,
    0.4848353870482201,
    0.7253496205639275,
    0.9922986692879318,
    1.1469375088568385,
    1.305305228076279
  ],
  "v_bins": [
    0.25803382189041335,
    0.5024407117035167,
    0.5171577461847682,
    0.5286427136341576,
    0.5292259569535638,
    0.5243142897631262,
    0.5221220912305116
  ]
}