{
  "agent_collisions": 19,
  "obstacle_collisions": 0,
  "total_frames": 1314,
  "center_of_mass_x_avg": 0.4304241643207745,
  "center_of_mass_y_avg": 0.005476424298306169,
  "velocity_avg": 0.29326370815439234,
  "velocity_max": 0.919625282567329,
  "velocity_std": 0.14020894590316857,
  "force_mean": 0.07852755188316611,
  "force_std": 0.042102008638895426,
  "force_max": 0.31638113312794686,
  "min_dist_mean": 0.4769165628649799,
  "min_dist_std": 0.11054738407889526,
  "min_dist_min": 0.16039020414289645,
  "ADE_ped_mean": 0.0,
  "ADE_ped_std": 0.0,
  "FDE_ped_mean": 0.0,
  "FDE_ped_std": 0.0,
  "capacity_Js": 1.6781091956788317,
  "rho_crit": 3.8,
  "rho_bins": [
    0.2,
    0.6000000000000001,
    1.0,
    1.4000000000000001,
    1.8,
    2.2,
    2.6000000000000005,
    3.0,
    3.4000000000000004,
    3.8
  ],
  "Js_bins": [
    0.014426705521995353,
    0.23291413265724004,
    0.34005154214064476,
    0.7725723400319588,
    0.792542282814052,
    0.8881206913627298,
    0.9891917682571644,
    1.1787038160471153,
    1.251334559070522,
    1.6781091956788317
  ],
  "v_bins": [
    0.04616545767038512,
    0.3726626122515841,
    0.36272164495002107,
    0.5516906138143652,
    0.4226892175008278,
    0.4059980303372479,
    0.39567670730286564,
    0.4038091199546676,
    0.3640245990023337,
    0.4474957855143551
  ]
}