{
  "agent_collisions": 57,
  "obstacle_collisions": 102,
  "total_frames": 2426,
  "center_of_mass_x_avg": -0.12128419523374888,
  "center_of_mass_y_avg": -0.1429256305224218,
  "velocity_avg": 0.24073630547994337,
  "velocity_max": 0.9533752094532351,
  "velocity_std": 0.1498665464464602,
  "force_mean": 0.03598899470532664,
  "force_std": 0.03745025952972431,
  "force_max": 0.8043681466774233,
  "min_dist_mean": 0.4839391532545112,
  "min_dist_std": 0.1491285284288953,
  "min_dist_min": 0.18084070363643626,
  "ADE_ped_mean": 0.9835204483924542,
  "ADE_ped_std": 0.448127949345919,
  "FDE_ped_mean": 3.007910563504387,
  "FDE_ped_std": 1.465603301554459,
  "capacity_Js": 1.0632712513393825,
  "rho_crit": 3.0,
  "rho_bins": [
    0.2,
    0.6000000000000001,
    1.0,
    1.4000000000000001,
    1.8,
    2.2,
    2.6000000000000005,
    3.0
  ],
  "Js_bins": [
    0.08470084285296255,
    0.2948966160645113,
    0.4444256725951545,
    0.6191494084368889,
    0.7468361839103772,
    0.8394504695465691,
    0.946113894117595,
    1.0632712513393825
  ],
  "v_bins": [
    0.27104269712948015,
    0.4718345857032181,
    0.47405405076816476,
    0.4511718018357829,
    0.39831263141886786,
    0.3837487860784316,
    0.378445557647038,
    0.3780520004762249
  ]
}