{
  "agent_collisions": 28,
  "obstacle_collisions": 0,
  "total_frames": 10000,
  "center_of_mass_x_avg": -0.37010180282303506,
  "center_of_mass_y_avg": -0.0017187743224246826,
  "velocity_avg": 0.20686622273455205,
  "velocity_max": 1.0005269253462452,
  "velocity_std": 0.22257956834050738,
  "force_mean": 0.0842931631855394,
  "force_std": 0.14806010189493357,
  "force_max": 3.895737782563862,
  "min_dist_mean": 0.8741389570780517,
  "min_dist_std": 0.6784422543352595,
  "min_dist_min": 0.0969738823650431,
  "ADE_ped_mean": 1.4302406443341078,
  "ADE_ped_std": 0.45249246472079224,
  "FDE_ped_mean": 4.0338082230414605,
  "FDE_ped_std": 1.3256290795179468,
  "capacity_Js": 1.3004364107222823,
  "rho_crit": 2.6000000000000005,
  "rho_bins": [
    0.2,
    0.6000000000000001,
    1.0,
    1.4000000000000001,
    1.8,
    2.2,
    2.6000000000000005
  ],
  "Js_bins": [
    0.0019084761858404124,
    0.31328433585962323,
    0.47057888983562357,
    0.7309137744611115,
    0.9620996503045529,
    1.1298442606542831,
    1.3004364107222823
  ],
  "v_bins": [
    0.00610712379468932,
    0.5012549373753973,
    0.5019508158246653,
    0.5124974098485368,
    0.5131198134957615,
    0.5165002334419581,
    0.5201745642889131
  ]
}