{
  "agent_collisions": 260,
  "obstacle_collisions": 21,
  "total_frames": 2220,
  "center_of_mass_x_avg": -0.4346666116414068,
  "center_of_mass_y_avg": -0.2657308761657119,
  "velocity_avg": 0.2407416119207616,
  "velocity_max": 1.0614351031460447,
  "velocity_std": 0.17468950462747104,
  "force_mean": 0.040292120782554154,
  "force_std": 0.03769462231706644,
  "force_max": 0.8350718643832812,
  "min_dist_mean": 0.5203994925593552,
  "min_dist_std": 0.3002043123819752,
  "min_dist_min": 0.07180021778255091,
  "ADE_ped_mean": 1.0368927944894857,
  "ADE_ped_std": 0.5187936724381494,
  "FDE_ped_mean": 3.341601695125953,
  "FDE_ped_std": 1.6917846000703005,
  "capacity_Js": 1.20259806690061,
  "rho_crit": 3.0,
  "rho_bins": [
    0.2,
    0.6000000000000001,
    1.0,
    1.4000000000000001,
    1.8,
    2.2,
    2.6000000000000005,
    3.0
  ],
  "Js_bins": [
    0.11727814251272156,
    0.33721905939532343,
    0.5008510339925407,
    0.6736821754722189,
    0.8364402050148948,
    0.952045206380038,
    1.0748309377661718,
    1.20259806690061
  ],
  "v_bins": [
    0.37529005604070886,
    0.5395504950325176,
    0.5342411029253769,
    0.4838438049954102,
    0.44610144267461044,
    0.43522066577373164,
    0.42993237510646876,
    0.4275904237868835
  ]
}