{
  "agent_collisions": 0,
  "obstacle_collisions": 6,
  "total_frames": 2074,
  "center_of_mass_x_avg": -0.3213319318663322,
  "center_of_mass_y_avg": -0.0108961683611902,
  "velocity_avg": 0.3182866886438864,
  "velocity_max": 1.1586245481742778,
  "velocity_std": 0.2255127515156094,
  "force_mean": 0.06178388440545518,
  "force_std": 0.07498718708284159,
  "force_max": 2.2584936173728885,
  "min_dist_mean": 0.5624729034621612,
  "min_dist_std": 0.215133069897503,
  "min_dist_min": 0.2076879523998369,
  "ADE_ped_mean": 1.0198809655466627,
  "ADE_ped_std": 0.4253273907152179,
  "FDE_ped_mean": 3.8755872794463824,
  "FDE_ped_std": 1.5422448493384917,
  "capacity_Js": 1.5434294143753016,
  "rho_crit": 2.6000000000000005,
  "rho_bins": [
    0.2,
    0.6000000000000001,
    1.0,
    1.4000000000000001,
    1.8,
    2.2,
    2.6000000000000005
  ],
  "Js_bins": [
    0.1636796482111915,
    0.4377124437364286,
    0.645693988382029,
    0.9032235628290085,
    1.199993815206407,
    1.376336430714695,
    1.5434294143753016
  ],
  "v_bins": [
    0.5237748742758127,
    0.7003399099782857,
    0.6887402542741642,
    0.64823270545937,
    0.6399967014434169,
    0.6291823683267177,
    0.6173717657501205
  ]
}