{
  "agent_collisions": 322,
  "obstacle_collisions": 0,
  "total_frames": 1788,
  "center_of_mass_x_avg": -0.1465399414613128,
  "center_of_mass_y_avg": -0.016632055410439803,
  "velocity_avg": 0.23236758539596494,
  "velocity_max": 0.902134194924486,
  "velocity_std": 0.15677779563406596,
  "force_mean": 0.07564972503112487,
  "force_std": 0.041466747801947895,
  "force_max": 0.31683885073837303,
  "min_dist_mean": 0.4466080224971024,
  "min_dist_std": 0.12627443187498003,
  "min_dist_min": 0.0030682251922427555,
  "ADE_ped_mean": 0.0,
  "ADE_ped_std": 0.0,
  "FDE_ped_mean": 0.0,
  "FDE_ped_std": 0.0,
  "capacity_Js": 1.0566540378226135,
  "rho_crit": 3.0,
  "rho_bins": [
    0.2,
    0.6000000000000001,
    1.0,
    1.4000000000000001,
    1.8,
    2.2,
    2.6000000000000005,
    3.0
  ],
  "Js_bins": [
    0.01046188301845171,
    0.38121885651061793,
    0.5016772014526835,
    0.7194287525458002,
    0.8290359878464412,
    0.928522980354583,
    1.0012427403368878,
    1.0566540378226135
  ],
  "v_bins": [
    0.033478025659045466,
    0.6099501704169888,
    0.5351223482161958,
    0.49711046113803536,
    0.44215252685143525,
    0.4244676481620951,
    0.4004970961347551,
    0.37569921344804036
  ]
}