{
  "agent_collisions": 54,
  "obstacle_collisions": 0,
  "total_frames": 1352,
  "center_of_mass_x_avg": 0.1738830152676044,
  "center_of_mass_y_avg": -0.1475869911950465,
  "velocity_avg": 0.2879099495410798,
  "velocity_max": 0.8503990042313262,
  "velocity_std": 0.14845662535636575,
  "force_mean": 0.03683395382509497,
  "force_std": 0.03780416499260138,
  "force_max": 0.9427442132589199,
  "min_dist_mean": 0.4655368690672097,
  "min_dist_std": 0.10850734037495026,
  "min_dist_min": 0.15672841227060308,
  "ADE_ped_mean": 0.5801357931610025,
  "ADE_ped_std": 0.29427561592415485,
  "FDE_ped_mean": 1.5653803412334748,
  "FDE_ped_std": 0.9226403302043521,
  "capacity_Js": 1.4888968018678397,
  "rho_crit": 3.8,
  "rho_bins": [
    0.2,
    0.6000000000000001,
    1.0,
    1.4000000000000001,
    1.8,
    2.2,
    2.6000000000000005,
    3.0,
    3.4000000000000004,
    3.8
  ],
  "Js_bins": [
    0.04178904169849658,
    0.3959234618187574,
    0.4696955131900312,
    0.7355442860882841,
    0.9366107187581356,
    1.039325438668224,
    1.1111563530117867,
    1.2532901732048702,
    1.3750033547239684,
    1.4888968018678397
  ],
  "v_bins": [
    0.13372493343518907,
    0.6334775389100119,
    0.5010085474027,
    0.5037230027184383,
    0.4995257166710056,
    0.47512020053404524,
    0.44446254120471473,
    0.4251282315701704,
    0.4000009759196999,
    0.39703914716475724
  ]
}