{
  "agent_collisions": 0,
  "obstacle_collisions": 0,
  "total_frames": 1155,
  "center_of_mass_x_avg": 0.20232501187227678,
  "center_of_mass_y_avg": -0.04324725787413757,
  "velocity_avg": 0.4391772406604088,
  "velocity_max": 0.9207083047766862,
  "velocity_std": 0.1671963664572359,
  "force_mean": 0.06776906048434236,
  "force_std": 0.08130794540800741,
  "force_max": 3.3272472215247206,
  "min_dist_mean": 0.558609659436747,
  "min_dist_std": 0.15925425973785842,
  "min_dist_min": 0.2516169681753179,
  "ADE_ped_mean": 0.9237848397744944,
  "ADE_ped_std": 0.48428104108432946,
  "FDE_ped_mean": 2.7005792243070577,
  "FDE_ped_std": 1.4670069831025228,
  "capacity_Js": 2.18251076531437,
  "rho_crit": 3.4000000000000004,
  "rho_bins": [
    0.2,
    0.6000000000000001,
    1.0,
    1.4000000000000001,
    1.8,
    2.2,
    2.6000000000000005,
    3.0,
    3.4000000000000004
  ],
  "Js_bins": [
    0.046338926562188465,
    0.4067296231889451,
    0.5922055664327068,
    0.8508765605462155,
    1.1167628356871673,
    1.3349787553520274,
    1.587302762072207,
    1.8445969628347705,
    2.18251076531437
  ],
  "v_bins": [
    0.14828456499900308,
    0.6507673971023121,
    0.6316859375282203,
    0.6177361249997446,
    0.5956068456998227,
    0.6102760024466412,
    0.6349211048288828,
    0.6327327734323641,
    0.6349122226369077
  ]
}