{
  "agent_collisions": 246,
  "obstacle_collisions": 78,
  "total_frames": 10000,
  "center_of_mass_x_avg": 3.0705859683017884,
  "center_of_mass_y_avg": -0.6655591342021294,
  "velocity_avg": 0.23759328621855968,
  "velocity_max": 0.795239133260955,
  "velocity_std": 0.16383348029083653,
  "force_mean": 0.031232229118569252,
  "force_std": 0.04578123877362599,
  "force_max": 1.6501301285915575,
  "min_dist_mean": 0.4307836211755419,
  "min_dist_std": 0.10654440759565519,
  "min_dist_min": 0.04244085938436979,
  "ADE_ped_mean": 0.777032101511126,
  "ADE_ped_std": 0.37968675541184466,
  "FDE_ped_mean": 1.770775269908988,
  "FDE_ped_std": 1.0664775526971493,
  "capacity_Js": 1.5328692166408178,
  "rho_crit": 3.8,
  "rho_bins": [
    0.2,
    0.6000000000000001,
    1.0,
    1.4000000000000001,
    1.8,
    2.2,
    2.6000000000000005,
    3.0,
    3.4000000000000004,
    3.8
  ],
  "Js_bins": [
    0.00048327423975618556,
    0.4026066953643537,
    0.4365031850823997,
    0.8185794484378941,
    0.8881326019167488,
    0.9752121688532105,
    1.054353967230597,
    1.216825282036648,
    1.4046049972320709,
    1.5328692166408178
  ],
  "v_bins": [
    0.0015464775672197936,
    0.6441707125829659,
    0.4656033974212266,
    0.5643049255839612,
    0.47367072102226593,
    0.4458112771900391,
    0.42174158689223884,
    0.4196757565530067,
    0.4086123628311479,
    0.40876512443755136
  ]
}