{
  "agent_collisions": 7,
  "obstacle_collisions": 311,
  "total_frames": 1780,
  "center_of_mass_x_avg": -0.1848381553226519,
  "center_of_mass_y_avg": -0.08338884790365986,
  "velocity_avg": 0.3527068434031999,
  "velocity_max": 1.1794467047459256,
  "velocity_std": 0.217058808674125,
  "force_mean": 0.06786011172036024,
  "force_std": 0.08116141243722924,
  "force_max": 2.51737874722752,
  "min_dist_mean": 0.5735151573736001,
  "min_dist_std": 0.20368717637445302,
  "min_dist_min": 0.1733615473885736,
  "ADE_ped_mean": 0.9699505760472908,
  "ADE_ped_std": 0.513418767782627,
  "FDE_ped_mean": 3.2367242685346214,
  "FDE_ped_std": 1.8571454262462335,
  "capacity_Js": 1.7710427144441712,
  "rho_crit": 3.0,
  "rho_bins": [
    0.2,
    0.6000000000000001,
    1.0,
    1.4000000000000001,
    1.8,
    2.2,
    2.6000000000000005,
    3.0
  ],
  "Js_bins": [
    0.14360955969166792,
    0.44961138078889723,
    0.6566926889196613,
    0.9105193458619896,
    1.1474773343317477,
    1.385999357678113,
    1.58222441925612,
    1.7710427144441712
  ],
  "v_bins": [
    0.45955059101333734,
    0.7193782092622355,
    0.7004722015143051,
    0.664843478964488,
    0.6119879116435988,
    0.6335997063671375,
    0.6328897677024481,
    0.6297040762468163
  ]
}