{
  "agent_collisions": 39,
  "obstacle_collisions": 8,
  "total_frames": 2106,
  "center_of_mass_x_avg": -0.3825307176915116,
  "center_of_mass_y_avg": 0.018288166600677357,
  "velocity_avg": 0.21450208043938093,
  "velocity_max": 1.178896031208022,
  "velocity_std": 0.17963586215396266,
  "force_mean": 0.08113555252094272,
  "force_std": 0.0437240618527898,
  "force_max": 0.32253607204999774,
  "min_dist_mean": 0.4646192189295536,
  "min_dist_std": 0.15596898000511167,
  "min_dist_min": 0.13462115897927043,
  "ADE_ped_mean": 0.0,
  "ADE_ped_std": 0.0,
  "FDE_ped_mean": 0.0,
  "FDE_ped_std": 0.0,
  "capacity_Js": 0.9200378362052487,
  "rho_crit": 1.8,
  "rho_bins": [
    0.2,
    0.6000000000000001,
    1.0,
    1.4000000000000001,
    1.8,
    2.2,
    2.6000000000000005
  ],
  "Js_bins": [
    0.081886373255813,
    0.39214254943466903,
    0.5612308476795106,
    0.7160491179533269,
    0.9200378362052487,
    NaN,
    NaN
  ],
  "v_bins": [
    0.2620363944186016,
    0.6274280790954706,
    0.5986462375248113,
    0.5192460231060423,
    0.4906868459761326,
    NaN,
    NaN
  ]
}