{
  "agent_collisions": 27,
  "obstacle_collisions": 41,
  "total_frames": 2412,
  "center_of_mass_x_avg": -0.291816463712342,
  "center_of_mass_y_avg": -0.02666540415176017,
  "velocity_avg": 0.20755407594491979,
  "velocity_max": 0.9622419501480622,
  "velocity_std": 0.15690581463748107,
  "force_mean": 0.07753887798143608,
  "force_std": 0.043709383985997025,
  "force_max": 0.37048599858865094,
  "min_dist_mean": 0.4545341438037627,
  "min_dist_std": 0.12496481996045657,
  "min_dist_min": 0.17543570196551325,
  "ADE_ped_mean": 0.0,
  "ADE_ped_std": 0.0,
  "FDE_ped_mean": 0.0,
  "FDE_ped_std": 0.0,
  "capacity_Js": 0.8311574677238639,
  "rho_crit": 1.8,
  "rho_bins": [
    0.2,
    0.6000000000000001,
    1.0,
    1.4000000000000001,
    1.8,
    2.2,
    2.6000000000000005
  ],
  "Js_bins": [
    0.018061162540916303,
    0.3273106424766333,
    0.39910165874118925,
    0.6376416060826248,
    0.8311574677238639,
    NaN,
    NaN
  ],
  "v_bins": [
    0.05779572013093217,
    0.5236970279626131,
    0.4257084359906019,
    0.46047927034499553,
    0.44328398278606074,
    NaN,
    NaN
  ]
}