{
  "agent_collisions": 48,
  "obstacle_collisions": 13,
  "total_frames": 1679,
  "center_of_mass_x_avg": 0.07422221134738334,
  "center_of_mass_y_avg": -0.12160514841353394,
  "velocity_avg": 0.2787409350052253,
  "velocity_max": 0.8764625062754855,
  "velocity_std": 0.15050370060416962,
  "force_mean": 0.03674496161971986,
  "force_std": 0.03739395792683585,
  "force_max": 0.9044986240969337,
  "min_dist_mean": 0.4830108608153053,
  "min_dist_std": 0.13745620234958017,
  "min_dist_min": 0.046182544819478324,
  "ADE_ped_mean": 0.7975599218432844,
  "ADE_ped_std": 0.41852716587076844,
  "FDE_ped_mean": 2.3719153215776343,
  "FDE_ped_std": 1.3457044587502445,
  "capacity_Js": 1.345801293147109,
  "rho_crit": 3.4000000000000004,
  "rho_bins": [
    0.2,
    0.6000000000000001,
    1.0,
    1.4000000000000001,
    1.8,
    2.2,
    2.6000000000000005,
    3.0,
    3.4000000000000004
  ],
  "Js_bins": [
    0.052484433075099486,
    0.31607527440890104,
    0.4970253151229319,
    0.7214284659670012,
    0.8679802434173229,
    0.9983528773972619,
    1.0564887635927878,
    1.1583653050154226,
    1.345801293147109
  ],
  "v_bins": [
    0.16795018584031832,
    0.5057204390542417,
    0.5301603361311275,
    0.5150173313822775,
    0.46292279648923884,
    0.45638988681017684,
    0.4225955054371151,
    0.401310175857427,
    0.3915058307337045
  ]
}