{
  "agent_collisions": 53,
  "obstacle_collisions": 0,
  "total_frames": 1201,
  "center_of_mass_x_avg": 0.3458021255059031,
  "center_of_mass_y_avg": 0.07822963721529613,
  "velocity_avg": 0.3630777037003355,
  "velocity_max": 0.9923037982431162,
  "velocity_std": 0.19518849558298226,
  "force_mean": 0.12550355107481231,
  "force_std": 0.16922172560337118,
  "force_max": 4.335742384848197,
  "min_dist_mean": 0.5497530209643056,
  "min_dist_std": 0.21514455398658142,
  "min_dist_min": 0.03443589557075807,
  "ADE_ped_mean": 0.9320263594092197,
  "ADE_ped_std": 0.4592388972071506,
  "FDE_ped_mean": 2.360402485328429,
  "FDE_ped_std": 1.319066418786243,
  "capacity_Js": 2.0892578258359578,
  "rho_crit": 4.2,
  "rho_bins": [
    0.2,
    0.6000000000000001,
    1.0,
    1.4000000000000001,
    1.8,
    2.2,
    2.6000000000000005,
    3.0,
    3.4000000000000004,
    3.8,
    4.2
  ],
  "Js_bins": [
    0.04691902339751374,
    0.31455410189049116,
    0.4460224625192155,
    0.6996789887753299,
    0.9176359564952258,
    1.1114135151981286,
    1.2549792230066827,
    1.5179053401970655,
    1.7504298952256885,
    1.9062102696939478,
    2.0892578258359578
  ],
  "v_bins": [
    0.15014087487204397,
    0.5032865630247858,
    0.47575729335383005,
    0.5050651656902765,
    0.48940584346412047,
    0.5080747498048588,
    0.5019916892026732,
    0.5033731266662412,
    0.5092159695202004,
    0.5083227385850527,
    0.5116459456669186
  ]
}