{
  "agent_collisions": 15,
  "obstacle_collisions": 0,
  "total_frames": 10000,
  "center_of_mass_x_avg": -0.36454245213415826,
  "center_of_mass_y_avg": 0.0005727113429592229,
  "velocity_avg": 0.18866531347386004,
  "velocity_max": 1.1481010568997796,
  "velocity_std": 0.21739352563896777,
  "force_mean": 0.08477227118440334,
  "force_std": 0.15248478362643728,
  "force_max": 2.9982772569188882,
  "min_dist_mean": 0.7929895459591835,
  "min_dist_std": 0.6103415191430268,
  "min_dist_min": 0.14961696836951843,
  "ADE_ped_mean": 1.447161056840305,
  "ADE_ped_std": 0.4413363695929686,
  "FDE_ped_mean": 4.297055174973768,
  "FDE_ped_std": 1.2455816134026312,
  "capacity_Js": 1.1413304651770324,
  "rho_crit": 2.2,
  "rho_bins": [
    0.2,
    0.6000000000000001,
    1.0,
    1.4000000000000001,
    1.8,
    2.2,
    2.6000000000000005
  ],
  "Js_bins": [
    0.002982387245725398,
    0.311870836147251,
    0.47706647606561847,
    0.6945598303047751,
    0.9824470954376208,
    1.1413304651770324,
    NaN
  ],
  "v_bins": [
    0.009543639186321272,
    0.4989933378356015,
    0.5088709078033264,
    0.517377507666799,
    0.5239717842333977,
    0.5217510697952147,
    NaN
  ]
}