{
  "agent_collisions": 235,
  "obstacle_collisions": 18,
  "total_frames": 2967,
  "center_of_mass_x_avg": -0.2671838842436224,
  "center_of_mass_y_avg": -0.21064683568074102,
  "velocity_avg": 0.1926173718393072,
  "velocity_max": 0.9940299456692687,
  "velocity_std": 0.14533899803655015,
  "force_mean": 0.033529455586552744,
  "force_std": 0.034032118703900896,
  "force_max": 0.671053379977246,
  "min_dist_mean": 0.47788815711463645,
  "min_dist_std": 0.20218923174915715,
  "min_dist_min": 0.11007863789305794,
  "ADE_ped_mean": 0.9680619518555248,
  "ADE_ped_std": 0.5192219679383545,
  "FDE_ped_mean": 3.1237914832962637,
  "FDE_ped_std": 1.7331495428766046,
  "capacity_Js": 0.8042606619411709,
  "rho_crit": 2.2,
  "rho_bins": [
    0.2,
    0.6000000000000001,
    1.0,
    1.4000000000000001,
    1.8,
    2.2,
    2.6000000000000005
  ],
  "Js_bins": [
    0.09686209373067542,
    0.2685019211153382,
    0.4030080550164425,
    0.5531428144307018,
    0.6928193725346456,
    0.8042606619411709,
    NaN
  ],
  "v_bins": [
    0.3099586999381613,
    0.42960307378454105,
    0.4298752586842053,
    0.39264983593627834,
    0.36950366535181095,
    0.3676620168873923,
    NaN
  ]
}