{
  "agent_collisions": 60,
  "obstacle_collisions": 0,
  "total_frames": 1213,
  "center_of_mass_x_avg": 0.2296317284865126,
  "center_of_mass_y_avg": -0.16299277041587837,
  "velocity_avg": 0.29210394632264,
  "velocity_max": 0.7972577166476605,
  "velocity_std": 0.14711601876755642,
  "force_mean": 0.036071496447434716,
  "force_std": 0.03992566463292343,
  "force_max": 1.2034740877180186,
  "min_dist_mean": 0.46455846339602164,
  "min_dist_std": 0.11327184427094103,
  "min_dist_min": 0.09469755607843178,
  "ADE_ped_mean": 0.5899688714847671,
  "ADE_ped_std": 0.3275981376308809,
  "FDE_ped_mean": 1.4821953784473503,
  "FDE_ped_std": 0.997859852271333,
  "capacity_Js": 1.2417342793362587,
  "rho_crit": 3.0,
  "rho_bins": [
    0.2,
    0.6000000000000001,
    1.0,
    1.4000000000000001,
    1.8,
    2.2,
    2.6000000000000005,
    3.0
  ],
  "Js_bins": [
    0.02937004950107206,
    0.30922826614939275,
    0.41889564330794754,
    0.7767888206485921,
    0.8915823292641317,
    1.007944588409357,
    1.0856484224731127,
    1.2417342793362587
  ],
  "v_bins": [
    0.09398415840343059,
    0.4947652258390285,
    0.4468220195284774,
    0.5665206800910132,
    0.4755105756075369,
    0.4607746689871347,
    0.434259368989245,
    0.4344876631712013
  ]
}