{
  "agent_collisions": 22,
  "obstacle_collisions": 3,
  "total_frames": 2854,
  "center_of_mass_x_avg": -0.4324305314193532,
  "center_of_mass_y_avg": -0.09301853502579292,
  "velocity_avg": 0.1773831141802724,
  "velocity_max": 1.0867753118645918,
  "velocity_std": 0.14492378053598706,
  "force_mean": 0.0771621047436931,
  "force_std": 0.04513628796070579,
  "force_max": 0.4463476727871635,
  "min_dist_mean": 0.4509216826065207,
  "min_dist_std": 0.1293497281301711,
  "min_dist_min": 0.17636698018620142,
  "ADE_ped_mean": 0.0,
  "ADE_ped_std": 0.0,
  "FDE_ped_mean": 0.0,
  "FDE_ped_std": 0.0,
  "capacity_Js": 0.7747140131694554,
  "rho_crit": 1.8,
  "rho_bins": [
    0.2,
    0.6000000000000001,
    1.0,
    1.4000000000000001,
    1.8,
    2.2,
    2.6000000000000005
  ],
  "Js_bins": [
    0.05203573877818845,
    0.2887914513335247,
    0.4023119152756994,
    0.5502594006571953,
    0.7747140131694554,
    NaN,
    NaN
  ],
  "v_bins": [
    0.166514364090203,
    0.4620663221336395,
    0.4291327096274127,
    0.4240608831972245,
    0.4131808070237096,
    NaN,
    NaN
  ]
}