{
  "agent_collisions": 64,
  "obstacle_collisions": 18,
  "total_frames": 2579,
  "center_of_mass_x_avg": -0.40240039309610826,
  "center_of_mass_y_avg": -0.05334390817437241,
  "velocity_avg": 0.19555433584953466,
  "velocity_max": 1.0012307390659798,
  "velocity_std": 0.15807957301023154,
  "force_mean": 0.07729201847423077,
  "force_std": 0.04273259487090107,
  "force_max": 0.27781954421741106,
  "min_dist_mean": 0.4468763737095435,
  "min_dist_std": 0.13205268740702703,
  "min_dist_min": 0.15371136848001873,
  "ADE_ped_mean": 0.0,
  "ADE_ped_std": 0.0,
  "FDE_ped_mean": 0.0,
  "FDE_ped_std": 0.0,
  "capacity_Js": 0.7301689696174853,
  "rho_crit": 1.8,
  "rho_bins": [
    0.2,
    0.6000000000000001,
    1.0,
    1.4000000000000001,
    1.8,
    2.2,
    2.6000000000000005
  ],
  "Js_bins": [
    0.03366240674005774,
    0.2845819475917493,
    0.45020021101288366,
    0.6110775024582271,
    0.7301689696174853,
    NaN,
    NaN
  ],
  "v_bins": [
    0.10771970156818476,
    0.4553311161467989,
    0.48021355841374247,
    0.4609615597473474,
    0.3894234504626588,
    NaN,
    NaN
  ]
}